complex.id,peptide,potential,score
6uk4_TCRpMHCmodels_polyV.pdb,KQWLVWLFL,TCRen,-2.39679904499035
6uk4_TCRpMHCmodels_polyV.pdb,RLLHPHHPL,TCRen,-1.04129765892529
6uk4_TCRpMHCmodels_polyV.pdb,QLYRVLQCA,TCRen,-0.47155367052539
6uk4_TCRpMHCmodels_polyV.pdb,SYGRVLFAV,TCRen,-0.196479706293539
6uk4_TCRpMHCmodels_polyV.pdb,GQARQSRPV,TCRen,-0.0945541986504057
6uk4_TCRpMHCmodels_polyV.pdb,LLSATIFLV,TCRen,0.0249568676160773
6uk4_TCRpMHCmodels_polyV.pdb,ALDAPLFGI,TCRen,0.866667476552983
6uk4_TCRpMHCmodels_polyV.pdb,WLLLGPMVV,TCRen,1.46094992294794
6uk4_TCRpMHCmodels_polyV.pdb,WLFLGHMVV,TCRen,1.62016396663265
6uk4_TCRpMHCmodels_polyV.pdb,RVLQCANLL,TCRen,2.28653487706443
6uk4_TCRpMHCmodels_polyV.pdb,WVYEGTVLL,TCRen,2.5496534826727
6uk4_TCRpMHCmodels_polyV.pdb,ALLDGGLPA,TCRen,3.15518451906567
6uk4_TCRpMHCmodels_polyV.pdb,GQALAEFAA,TCRen,4.11743536484485
6uk4_TCRpMHCmodels_polyV.pdb,RVLFAVYHM,TCRen,4.40201716457426
6uk4_TCRpMHCmodels_polyV.pdb,LLDGGLPAG,TCRen,4.71876680283397
6uk4_TCRpMHCmodels_polyV.pdb,FISGRFPYS,TCRen,4.91729966841485
6uk4_TCRpMHCmodels_polyV.pdb,FLVFPFIAI,TCRen,4.97947567189041
6uk4_TCRpMHCmodels_polyV.pdb,VLLSATIFL,TCRen,5.00338576425456
6uk4_TCRpMHCmodels_polyV.pdb,SEDSGNFSV,TCRen,6.23872881653539
6uk4_TCRpMHCmodels_polyV.pdb,AISCSYGQV,TCRen,8.55061317197744
