pdb.id,cdr3a,cdr3b,peptide,species
1ao7,AVTTDSWGKLQ,ASRPGLAGGRPEQY,LLFGYPVYV,Human
1bd2,AAMEGAQKLV,ASSYPGGGFYEQY,LLFGYPVYV,Human
1d9k,AATGSFNKLT,ASGGQGRAEQF,GNSHRGAIEWEGIESG,Mouse
1fo0,AMRGDYGGSGNKLI,TCSADRVGNTLY,INFDFNTI,Mouse
1fyt,AVSESPFGNEKLT,ASSSTGLPYGYT,PKYVKQNTLKLAT,Human
1g6r,AVSGFASALT,ASGGGGTLY,SIYRYYGL,Mouse
1j8h,AVSESPFGNEKLT,ASSSTGLPYGYT,PKYVKQNTLKLAT,Human
1jtr,AVSGFASALT,ASGGGGTLY,EQYKFYSV,Mouse
1kj2,AARYQGGRALI,TCSAAPDWGASAETLY,KVITFIDL,Mouse
1lp9,ALFLASSSFSKLV,ASSDWVSYEQY,ALWGFFPVL,Mouse
1mi5,ILPLAGGTSYGKLT,ASSLGQAYEQY,FLRGRAYGL,Human
1mwa,AVSGFASALT,ASGGGGTLY,EQYKFYSV,Mouse
1nam,AMRGDYGGSGNKLI,TCSADRVGNTLY,RGYVYQGL,Mouse
1oga,AGAGSQGNLI,ASSSRSSYEQY,GILGFVFTL,Human
1qrn,AVTTDSWGKLQ,ASRPGLAGGRPEQY,LLFGYAVYV,Human
1qse,AVTTDSWGKLQ,ASRPGLAGGRPEQY,LLFGYPRYV,Human
1qsf,AVTTDSWGKLQ,ASRPGLAGGRPEQY,LLFGYPVAV,Human
1u3h,AASANSGTYQR,ASGDAGGGYEQY,SRGGASQYRPSQ,Mouse
1ymm,ATDTTSGTYKYI,SARDLTSGANNEQF,ENPVVHFFKNIVTP,Human
1zgl,ALSGGDSSYKLI,ASSLADRVNTEAF,VHFFKNIVTPRTPG,Human
2ak4,ALSGFYNTDKLI,ASPGLAGEYEQY,LPEPLPQGQLTAY,Human
2bnq,AVRPTSGGSYIPT,ASSYVGNTGELF,SLLMWITQV,Human
2bnr,AVRPTSGGSYIPT,ASSYVGNTGELF,SLLMWITQC,Human
2ckb,AVSGFASALT,ASGGGGTLY,EQYKFYSV,Mouse
2e7l,AVSHQGRYLT,ASGGGGTLY,QLSPFPFDL,Mouse
2esv,IVVRSSNTGKLI,ASSQDRDTQY,VMAPRTLIL,Human
2f53,AVRPTSGGSYIPT,ASSYVGNTGELF,SLLMWITQC,Human
2f54,AVRPTSGGSYIPT,ASSYVGNTGELF,SLLMWITQC,Human
2gj6,AVTTDSWGKLQ,ASRPGLAGGRPEQY,LLFGKPVYV,Human
2iam,AALIQGAQKLV,ASTYHGTGY,GELIGILNAAKVPAD,Human
2ian,AALIQGAQKLV,ASTYHGTGY,GELIGTLNAAKVPAD,Human
2j8u,ALFLASSSFSKLV,ASSDWVSYEQY,ALWGFFPVL,Mouse
2jcc,ALFLASSSFSKLV,ASSDWVSYEQY,ALWGFFPVL,Mouse
2nx5,AVQASGGSYIPT,ATGTGDSNQPQH,EPLPQGQLTAY,Human
2oi9,AVSGFASALT,ASGGGGTLY,QLSPFPFDL,Mouse
2ol3,AMRGDYGGSGNKLI,TCSADRVGNTLY,SQYYYNSL,Mouse
2p5e,AVRPLLDGTYIPT,ASSYLGNTGELF,SLLMWITQC,Human
2p5w,AVRPLLDGTYIPT,ASSYLGNTGELF,SLLMWITQC,Human
2pxy,ALSENYGNEKIT,ASGDASGAETLY,RGGASQYRPSQ,Mouse
2pye,AVRPLLDGTYIPT,ASSYLGNTGELF,SLLMWITQC,Human
2uwe,ALFLASSSFSKLV,ASSDWVSYEQY,ALWGFFPVL,Mouse
2vlj,AGAGSQGNLI,ASSSRSSYEQY,GILGFVFTL,Human
2vlk,AGAGSQGNLI,ASSSRSSYEQY,GILGFVFTL,Human
2vlr,AGAGSQGNLI,ASSSRASYEQY,GILGFVFTL,Human
2ypl,AVSGGYQKVT,ASTGSYGYT,KAFSPEVIPMF,Human
2z31,ALSENYGNEKIT,ASGDASGGNTLY,RGGASQYRPSQ,Mouse
3c5z,ALVISNTNKVV,ASIDSSGNTLY,FEAQKAKANKAVDG,Mouse
3c60,AANSGTYQR,ASGDFWGDTLY,FEAQKAKANKAVD,Mouse
3c6l,AASDNRIF,ASGDAWGYEQY,FEAQKAKANKAV,Mouse
3d39,AVTTDSWGKLQ,ASRPGLAGGRPEQY,LLFGPVYV,Human
3d3v,AVTTDSWGKLQ,ASRPGLAGGRPEQY,LLFGPVYV,Human
3dxa,IVWGGYQKVT,ASRYRDDSYNEQF,EENLLDFVRF,Human
3e2h,AVSLERPYLT,ASGGGGTLY,QLSPFPFDL,Mouse
3e3q,AVSDPPPLLT,ASGGGGTLY,QLSPFPFDL,Mouse
3ffc,AMREDTGNQFY,ASSFTWTSGGATDTQY,FLRGRAYGL,Human
3gjf,,,SLLMWITQV,Human
3gsn,ARNTGNQFY,ASSPVTGGIYGYT,NLVPMVATV,Human
3h9s,AVTTDSWGKLQ,ASRPGLAGGRPEQY,MLWGYLQYV,Human
3hae,,,SLLMWITQV,Human
3hg1,AVNVAGKST,AWSETGLGTGELF,ELAGIGILTV,Human
3kpr,ILPLAGGTSYGKLT,ASSLGQAYEQY,EEYLKAWTF,Human
3kps,ILPLAGGTSYGKLT,ASSLGQAYEQY,EEYLQAFTY,Human
3kxf,ALSGFYNTDKLI,ASPGLAGEYEQY,LPEPLPQGQLTAY,Human
3mbe,AAEDGGSGNKLI,ASSWDRAGNTLY,GAMKRHGLDNYRGYSLG,Mouse
3mv7,AVQDLGTSGSRLT,ASSARSGELF,HPVGEADYFEY,Human
3mv8,AVQDLGTSGSRLT,ASSARSGELF,HPVGEADYFEY,Human
3mv9,AVQDLGTSGSRLT,ASSARSGELF,HPVGEADYFEY,Human
3nfj,,AWSVSVGAGVPTIY,RYPLTFGWCF,Human
3o4l,AEDNNARLM,SARDGTGNGYT,GLCTLVAML,Human
3o6f,TVYGGATNKLI,SARGGSYNSPLH,FSWGAEGQRPGF,Human
3pl6,AASSFGNEKLT,ATSALGDTQY,NPVVHFFKNIVTPR,Human
3pqy,ILSGGSNYKLT,ASSFGREQY,SSLENFRAYV,Mouse
3pwp,AVTTDSWGKLQ,ASRPGLAGGRPEQY,LGYGFVNYI,Human
3qdg,AVNFGGGKLI,ASSLSFGTEAF,ELAGIGILTV,Human
3qdj,AVNFGGGKLI,ASSLSFGTEAF,AAGIGILTV,Human
3qdm,AGGTGNQFY,AISEVGVGQPQH,ELAGIGILTV,Human
3qeq,AGGTGNQFY,AISEVGVGQPQH,AAGIGILTV,Human
3qfj,AVTTDSWGKLQ,ASRPGLAGGRPEQY,LLFGFPVYV,Human
3qib,AALRATGGNNKLT,ASSLNWSQDTQY,ADLIAYLKQATKG,Mouse
3qiu,AAEPSSGQKLV,ASSLNNANSDYT,ADLIAYLKQATKG,Mouse
3qiw,AAEPSSGQKLV,ASSLNNANSDYT,ADLIAYLEQATKG,Mouse
3rdt,AASKGADRLT,ASGDFWGDTLY,FEAQKAKANKAVD,Mouse
3rgv,AANSGTYQR,ASGDFWGDTLY,WIYVYRPMGCGGS,Mouse
3sjv,VVRAGKLI,ASGQGNFDIQY,FLRGRAYGL,Human
3t0e,TVYGGATNKLI,SARGGSYNSPLH,FSWGAEGQRPGFGSGG,Human
3tf7,AVSAKGTGSKLS,,QLSPFPFDL,Mouse
3tfk,AVSAKGTGSKLS,ASSDAPGQLY,QLSDVPMDL,Mouse
3tjh,AVSAKGTGSKLS,ASSDAPGQLY,SPLDSLWWI,Mouse
3tpu,AVSAKGTGSKLS,ASSDAPGQLY,FLSPFWFDI,Mouse
3uts,AMRGDSSYKLI,ASSLWEKLAKNIQY,ALWGPDPAAA,Human
3utt,AMRGDSSYKLI,ASSLWEKLAKNIQY,ALWGPDPAAA,Human
3vxm,AVGAPSGAGSYQLT,ASSPTSGIYEQY,RFPLTFGWCF,Human
3vxr,AVRMDSSYKLI,ASSSWDTGELF,RYPLTFGWCF,Human
3vxs,AVRMDSSYKLI,ASSSWDTGELF,RYPLTLGWCF,Human
3vxu,GTYNQGGKLI,ASSGASHEQY,RFPLTFGWCF,Human
3w0w,GTYNQGGKLI,ASSGASHEQY,RFPLTFGWCF,Human
4e41,AVDRGSTLGRLY,ASSQIRETQY,GELIGILNAAKVPAD,Human
4eup,AVSGGGADGLT,ASSFLGTGVEQY,ALGIGILTV,Human
4euq,AVSGGGADGLT,ASSFLGTGVEQY,EAAGIGILTV,Human
4ftv,AVTTDSWGKLQ,ASRPGLMSAQPEQY,LLFGYPVYV,Human
4g8g,AMRDLRDNFNKFY,ASREGLGGTEAF,KRWIILGLNK,Human
4g9f,AMRDLRDNFNKFY,ASREGLGGTEAF,KRWIIMGLNK,Human
4gg6,ILRDGRGGADGLT,ASSVAVSAGTYEQY,SGEGSFQPSQENP,Human
4grl,AASSFGNEKLT,ATSALGDTQY,RLLMLFAKDVVSRN,Human
4h1l,AVGASGNTGKLI,ASSLRDGYTGELF,QHIRCNIPKRISA,Human
4jfd,AVNDGGRLT,AWSETGLGMGGWQ,ELAAIGILTV,Human
4jfe,AVNDGGRLT,AWSETGLGMGGWQ,ELAGIGALTV,Human
4jff,AVNDGGRLT,AWSETGLGMGGWQ,ELAGIGILTV,Human
4jrx,ALSGFYNTDKLI,ASPGETEAF,LPEPLPQGQLTAY,Human
4jry,AVGGGSNYQLI,ASSRTGSTYEQY,LPEPLPQGQLTAY,Human
4l3e,AVNFGGGKLI,ASSWSFGTEAF,ELAGIGILTV,Human
4may,AASSFGNEKLT,ATSALGDTQY,QLVHFVRDFAQL,Human
4mji,ATDDDSARQLT,ASSLTGGGELF,TAFTIPSI,Human
4mnq,AVDSATALPYGYI,ASSYQGTEAF,ILAKFLHWL,Human
4ms8,AVSAKGTGSKLS,ASSDAPGQLY,SPAEAGFFL,Mouse
4mvb,AVSAKGTGSKLS,ASSDAPGQLY,QPAEGGFQL,Mouse
4mxq,AVSAKGTGSKLS,ASSDAPGQLY,SPAPRPLDL,Mouse
4n0c,AVSAKGTGSKLS,ASSDAPGQLY,MPAGRPWDL,Mouse
4n5e,AVSAKGTGSKLS,ASSDAPGQLY,VPYMAEFGM,Mouse
4ozf,IAFQGAQKLV,ASSFRALAADTQY,APQPELPYPQPGS,Human
4ozg,IVLGGADGLT,ASSFRFTDTQY,APQPELPYPQPG,Human
4ozh,IVWGGATNKLI,ASSVRSTDTQY,APQPELPYPQPGS,Human
4ozi,LVGDGGSFSGGYNKLI,SAGVGGQETQY,QPFPQPELPYP,Human
4p23,AASKGADRLT,ASGDFWGDTLY,FEAQKAKANKAVD,Mouse
4p2o,AALRATGGNNKLT,ASSLNWSQDTQY,PADPLAFFSSAIKGGGGSLV,Mouse
4p2q,AAEASNTNKVV,ASSLNNANSDYT,ADGLAYFRSSFKGG,Mouse
4p2r,AAEASNTNKVV,ASSLNNANSDYT,ANGVAFFLTPFKA,Mouse
4p4k,ALSLYSGAGSYQLT,ASSLAQGGETQY,QAFWIDLFETIG,Human
4p5t,AASRDSGQKLV,ASGDFWGDTLY,FEAQKAKANKAVD,Mouse
4prh,AVQDLGTSGSRLT,ASSARSGELF,HPVGDADYFEY,Human
4pri,AVQDLGTSGSRLT,ASSARSGELF,HPVGEADYFEY,Human
4prp,AVQDLGTSGSRLT,ASSARSGELF,HPVGQADYFEY,Human
4qok,AVNVAGKST,AWSETGLGTGELF,EAAGIGILTV,Human
4qrp,ALSDPVNDMR,ASSLRGRGDQPQH,HSKKKCDEL,Human
4qrr,,,IPSINVHHY,Human
4wuu,,,RMFPNAPYL,Human
4y19,AASVYAGGTSYGKLT,ASRPRRDNEQF,QPLALEGSLQKRG,Human
4y1a,AASSSAGGTSYGKLT,ASRPRDPVTQY,LQPLALEGSLQKRG,Human
4z7u,ILRDRSNQFY,ASSTTPGTGTETQY,APSGEGSFQPSQENPQ,Human
4z7v,ILRDSRAQKLV,ASSAGTSGEYEQY,SGEGSFQPSQENP,Human
4z7w,AVGETGANNLF,ASSEARRYNEQF,PSGEGSFQPSQENPQ,Human
5brz,AVRPGGAGPFFVV,ASSFNMATGQY,EVDPIGHLY,Human
5bs0,AVRPGGAGPFFVV,ASSFNMATGQY,ESDPIVAQY,Human
5c07,AMRGDSSYKLI,ASSLWEKLAKNIQY,YQFGPDFPIA,Human
5c08,AMRGDSSYKLI,ASSLWEKLAKNIQY,RQWGPDPAAV,Human
5c09,AMRGDSSYKLI,ASSLWEKLAKNIQY,YLGGPDFPTI,Human
5c0a,AMRGDSSYKLI,ASSLWEKLAKNIQY,MVWGPDPLYV,Human
5c0b,AMRGDSSYKLI,ASSLWEKLAKNIQY,RQFGPDFPTI,Human
5c0c,AMRGDSSYKLI,ASSLWEKLAKNIQY,RQFGPDWIVA,Human
5d2l,AFITGNQFY,ASSQTQLWETQY,NLVPMVATV,Human
5d2n,ILDNNNDMR,ASSLAPGTTNEKLF,NLVPMVATV,Human
5e6i,AGPGGSSNTGKLI,ASSLIYPGELF,GILGFVFTL,Human
5e9d,AVTKYSWGKLQ,ASRPGWMAGGVELY,ELAGIGILTV,Human
5eu6,AVLSSGGSNYKLT,ASSFIGGTDTQY,YLEPGPVTV,Human
5euo,AGAIGPSNTGKLI,ASSIRSSYEQY,GILGFVFTL,Human
5hhm,AGAGSQGNLI,ASSSRSSYEQY,GILGLVFTL,Human
5hho,AGAGSQGNLI,ASSIRSSYEQY,GILEFVFTL,Human
5hyj,AMRGDSSYKLI,ASSLWEKLAKNIQY,AQWGPDPAAA,Human
5isz,AFDTNAGKST,ASSIFGQREQY,GILGFVFTL,Human
5ivx,AASASFGDNSKLI,ASSLGHTEVF,RGPGRAFVTI,Mouse
5jhd,AWGVNAGGTSYGKLT,ASSIGVYGYT,XGILGFVFTL,Human
5jzi,AYGEDDKII,ASRRGPYEQY,XKLVALGINAV,Human
5ks9,AVALNNNAGNMLT,ASSVAPGSDTQY,APSGEGSFQPSQENPQ,Human
5ksa,AVQFMDSNYQLI,ASSVAGTPSYEQY,QPQQSFPEQEA,Human
5ksb,AVQASGGSYIPT,ASSNRGLGTDTQY,GPQQSFPEQEA,Human
5m00,AALYGNEKIT,ASSDAGGRNTLY,KAVANFATM,Mouse
5m01,AALYGNEKIT,ASSDAGGRNTLY,KAPANFATM,Mouse
5m02,AALYGNEKIT,ASSDAGGRNTLY,KAPFNFATM,Mouse
5men,AVDSATSGTYKYI,ASSYQGTEAF,ILAKFLHWL,Human
5nht,AVGGGADGLT,ASSQGLAGAGELF,ELAGIGILTV,Human
5nme,AVRTNSGYALN,ASSDTVSYEQY,SLYNTVATL,Human
5nmf,AVRTNSGYALN,ASSDTVSYEQY,SLYNTIATL,Human
5nmg,AVRTNSGYALN,ASSDTVSYEQY,SLFNTIAVL,Human
5nqk,AGGGGADGLT,ASSQGLAGAGELF,ELAGIGILTV,Human
5sws,AASEGSGSWQLI,ASSAGLDAEQY,ASNENMETM,Mouse
5swz,AASETSGSWQLI,ASSRDLGRDTQY,ASNENMETM,Mouse
5tez,AASFIIQGAQKLV,ASSLLGGWSEAF,GILGFVFTL,Human
5til,AALYGNEKIT,ASSDAGGRNTLY,KAPYNFATM,Mouse
5tje,AALYGNEKIT,ASSDAGGRNTLY,KAVYNFATM,Mouse
5w1v,AGQPLGGSNYKLT,ASSANPGDSSNEKLF,VMAPRTLIL,Human
5w1w,AGQPLGGSNYKLT,ASSANPGDSSNEKLF,VMAPRTLVL,Human
5wkf,GLGDAGNMLT,ASSLGQGLLYGYT,GTSGSPIVNR,Human
5wkh,GLGDAGNMLT,ASSLGQGLLYGYT,GTSGSPIINR,Human
5wlg,ATVYAQGLT,ASSDWGDTGQLY,SQLLNAKYL,Mouse
5xot,,ASRTRGGTLIEQY,IPLTEEAEL,Human
5xov,,AWSVSVGAGVPTIY,RYPLTFGWCF,Human
5yxn,AYGEDDKII,ASRRGPYEQY,KLVALGINAV,Human
5yxu,AYGEDDKII,ASRRGSAELY,KLVALGINAV,Human
6am5,AVNFGGGKLI,ASSLSFGTEAF,SMLGIGIVPV,Human
6amu,AVNFGGGKLI,ASSLSFGTEAF,MMWDRGLGMM,Human
6avf,LVGEILDNFNKFY,ASSQRQEGDTQY,APRGPHGGAASGL,Human
6avg,LVVDQKLV,ASSGGHTGSNEQF,APRGPHGGAASGL,Human
6bj2,ALSHNSGGSNYKLT,ASSFRGGKTQY,IPLTEEAEL,Human
6bj3,,ASRTRGGTLIEQY,IPLTEEAEL,Human
6bj8,,ASRTRGGTLIEQY,VPLTEDAEL,Human
6cql,AFKAAGNKLT,ASSRLAGGMDEQF,RFYKTLRAEQASQ,Human
6cqn,AFKAAGNKLT,ASSGLAGGMDEQF,RFYKTLRAEQASQ,Human
6cqq,AFKAAGNKLT,ASSRLAGGMDEQF,RFYKTLRAEQASQ,Human
6cqr,AFKAAGNKLT,ASSRLAGGMDEQF,RFYKTLRAEQASQ,Human
6d78,AVNFGGGKLI,ASSWSFGTEAF,AAGIGILTV,Human
6dfs,AASPSNSGGSNYKLT,TCSAGLGYEQY,LVERLYLVCGEEGA,Mouse
6dkp,AVNFGGGKLI,ASSWSFGTEAF,ELAGIGILTV,Human
6eqa,AVNVAGKST,AWSETGLGTGELF,AAGIGILTV,Human
6eqb,AVNDGGRLT,AWSETGLGMGGWQ,AAGIGILTV,Human
6g9q,AALYGNEKIT,ASSDAGGRNTLY,KAPYDYAPI,Mouse
6l9l,ILQGTGSKLS,ASSDGDYEQY,SPSYAYHQF,Mouse
6mtm,GTERSGGYQKVT,ASSMSAMGTEAF,FEDLRVLSF,Human
6p64,AFMDSNYQLI,ASSRTSPTDTQY,KQWLVWLFL,Human
6px6,AVHTGARLM,ASSHGASTDTQY,APFSEQEQPVLG,Human
6py2,ASPQGGSEKLV,ASSSGGWGGGTEAF,APFSEQEQPVLG,Human
6q3s,AVRPTSGGSYIPT,ASSYVGNTGELF,SLLMWITQV,Human
6r2l,AVGGNDWNTDKLI,ASSPLDVSISSYNEQF,SLSKILDTV,Human
6rp9,ALTRGPGNQFY,ASSSPGGVSTEAF,SLLMWITQV,Human
6rpa,AVRDINSGAGSYQLT,SVGGSGGADTQY,SLLMWITQV,Human
6rpb,AVKSGGSYIPT,ASSYLNRDSALD,SLLMWITQV,Human
6rsy,IGGGTTSGTYKYI,ASSLGFGRDVMR,RMFPNAPYL,Human
6tmo,AVNDGGRLT,AWSETGLGMGGWQ,EAAGIGILTV,Human
6tro,VVNHSGGSYIPT,ASSFLMTSGDPYEQY,GVYDGREHTV,Human
6u3n,AVGAGSNYQLI,ASSLEGQGASEQF,APMPMPELPYP,Human
6u3o,IAFQGAQKLV,ASSFRALAADTQY,AVVQSELPYPEGS,Human
6uk4,AFMDSNYQLI,ASSRTSPTDTQY,KQWLVWLFL,Human
6ulr,LVGDMDQAGTALI,ASSLGEGRVDGYT,GADGVGKSA,Human
6uon,AAAMDSSYKLI,ASSDPGTEAF,GADGVGKSAL,Human
6v0y,ALSDSGSFNKLT,ASSLDWGGQNTLY,GGYAPAKAAAT,Mouse
6v13,ALSPSNTNKVV,ASSLDWGVNTLY,GGYRAPAKAAAT,Mouse
6v15,ALSPSNTNKVV,ASSLDWGVNTLY,GGYAPAKAAAT,Mouse
6v18,ALSDSGSFNKLT,ASSLDWGGQNTLY,GGYRAPAKAAAT,Mouse
6v19,ALSDSSSFSKLV,ASSLDWASQNTLY,GGYAPAKAAAT,Mouse
6v1a,ALSDSSSFSKLV,ASSLDWASQNTLY,GGYRAPAKAAAT,Mouse
6vm7,AVNARRNTPLV,ASSITLSSYNEQF,ITDQVPFSV,Human
6vm8,AVNARRNTPLV,ASSITLSSYNEQF,IMDQVPFSV,Human
6vma,AVNALLGNQFY,ASSMGGTYEQY,ITDQVPFSV,Human
6vmc,AVNALLGNQFY,ASSMGGTYEQY,ILDQVPFSV,Human
6vmx,AFGSSNTGKLI,ASSQDLFTGGYT,RPPIFIRRL,Human
6vqo,AMSGLKEDSSYKLI,ASSIQQGADTQY,HMTEVVRHC,Human
6vrm,VVQPGGYQKVT,ASSEGLWQVGDEQY,HMTEVVRHC,Human
6vrn,AFMGYSGAGSYQLT,AISELVTGDSPLH,HMTEVVRHC,Human
7jwi,AASETSGSWQLI,ASSRDLGRDTQY,ASNENMETM,Mouse
7jwj,AAVTGNTGKLI,ASSRGTIHSNTEVF,ASNENMETM,Mouse
7n1e,ALSGFNNAGNMLT,ASSLGGAGGADTQY,RLQSLQTYV,Human
7n1f,AVNRDDKII,ASSPDIEQY,YLQPRTFLL,Human
7n6e,VVNRNNDMR,AGQVTNTGELF,YLQPRTFLL,Human
